{"n":50000000000,"alpha":3.9,"lambda":0.99,"bucketfn":"CubicEps","slots_per_part":0,"real_alpha":0.0,"construction_1":0.0,"construction_6":3996.215100041,"pilots":2.05140190464,"remap":0.11818095616,"remap_type":"","total":2.1695828608,"q1_phf":0.0,"q1_mphf":0.0,"q32_phf":0.0,"q32_mphf":0.0}