{"n":50000000000,"alpha":0.99,"lambda":3.5,"bucketfn":"CubicEps","slots_per_part":0,"real_alpha":0.0,"construction_1":0.0,"construction_6":3097.09716769,"pilots":2.28584519424,"remap":0.11818095616,"remap_type":"","total":2.4040261504,"q1_phf":0.0,"q1_mphf":0.0,"q1_phf_bb":0.0,"q1_mphf_bb":0.0,"q32_phf":0.0,"q32_mphf":0.0}